NOMBRE_USO_COMUN;NOMBRE_CORTO;NOMBRE_LARGO;ISO;CODIGO_INDEC
Angola;Angola;la República de Angola;AGO;149
Argelia;Argelia;la República Argelina Democrática y Popular;DZA;102
Benin;Benin;la República de Benin;BEN;112
Botswana;Botswana;la República de Botswana;BWA;103
Burkina Faso;Burkina Faso;Burkina Faso;BFA;101
Burundi;Burundi;la República de Burundi;BDI;104
Cabo Verde;Cabo Verde;la República de Cabo Verde;CPV;150
Camerún;Camerún (el);la República del Camerún;CMR;105
Chad;Chad (el);la República del Chad;TCD;111
Comoras;Comoras (las);la Unión de las Comoras;COM;155
Congo;Congo (el);la República del Congo;COG;108
Côte d'Ivoire;Côte d'Ivoire;la República de Côte d'Ivoire;CIV;110
Djibouti;Djibouti;la República de Djibouti;DJI;153
Egipto;Egipto;la República Árabe de Egipto;EGY;113
Eritrea;Eritrea;Eritrea;ERI;160
España, territorios vinculados en África;NA;NA;ESP;146
Etiopía;Etiopía;la República Democrática Federal de Etiopía;ETH;161
Francia, territorios vinculados en África;NA;NA;ATF;147
Gabón;Gabón (el);la República Gabonesa;GAB;115
Gambia;Gambia;la República de Gambia;GMB;116
Ghana;Ghana;la República de Ghana;GHA;117
Guinea;Guinea;la República de Guinea;GIN;118
Guinea Bissau;Guinea-Bissau;la República de Guinea-Bissau;GNB;156
Guinea Ecuatorial;Guinea Ecuatorial (la);la República de Guinea Ecuatorial;GNQ;119
Indeterminado (África);NA;NA;NA;198
Kenya;Kenya;la República de Kenya;KEN;120
Lesotho;Lesotho;el Reino de Lesotho;LSO;121
Liberia;Liberia;la República de Liberia;LBR;122
Libia;Jamahiriya Árabe Libia (la);la Jamahiriya Árabe Libia Popular y Socialista;LBY;123
Madagascar;Madagascar;la República de Madagascar;MDG;124
Malawi;Malawi;la República de Malawi;MWI;125
Malí;Malí;la República de Malí;MLI;126
Marruecos;Marruecos;el Reino de Marruecos;MAR;127
Mauricio;Mauricio;la República de Mauricio;MUS;128
Mauritania;Mauritania;la República Islámica de Mauritania;MRT;129
Mozambique;Mozambique;la República de Mozambique;MOZ;151
Namibia;Namibia;la República de Namibia;NAM;158
Níger;Níger (el);la República del Níger;NER;130
Nigeria;Nigeria;la República Federal de Nigeria;NGA;131
Reino Unido, territorios vinculados en África;NA;NA;GBR;145
República Centroafricana;República Centroafricana (la);la República Centroafricana;CAF;107
República Democrática del Congo;República Democrática del Congo (la);la República Democrática del Congo;COD;109
Rwanda;Rwanda;la República de Rwanda;RWA;133
Santo Tomé y Príncipe;Santo Tomé y Príncipe;la República Democrática de Santo Tomé y Príncipe;STP;157
Senegal;Senegal (el);la República del Senegal;SEN;134
Seychelles;Seychelles;la República de Seychelles;SYC;152
Sierra Leona;Sierra Leona;la República de Sierra Leona;SLE;135
Somalia;Somalia;la República Somalí;SOM;136
Sudáfrica;Sudáfrica;la República de Sudáfrica;ZAF;159
Sudán;Sudán (el);la República del Sudán;SDN;162
Sudán del Sur;Sudán del Sur (el);la República de Sudán del Sur;SSD;163
Swazilandia;Swazilandia;el Reino de Swazilandia;SWZ;137
Tanzanía;República Unida de Tanzanía (la);la República Unida de Tanzanía;TZA;139
Togo;Togo (el);la República Togolesa;TGO;140
Túnez;Túnez;la República de Túnez;TUN;141
Uganda;Uganda;la República de Uganda;UGA;142
Zambia;Zambia;la República de Zambia;ZMB;144
Zimbabwe;Zimbabwe;la República de Zimbabwe;ZWE;132
Resto  (África);NA;NA;NA;197
Sin declarar (África);NA;NA;NA;199
Antigua y Barbuda;Antigua y Barbuda;Antigua y Barbuda;ATG;237
Argentina;Argentina (la);la República Argentina;ARG;200
Aruba;NA;NA;ABW;242
Bahamas;Bahamas (las);el Commonwealth de las Bahamas;BHS;239
Barbados;Barbados;Barbados;BRB;201
Belice;Belice;Belice;BLZ;236
Bolivia;Bolivia (Estado Plurinacional de);Estado Plurinacional de Bolivia (el);BOL;202
Bolivia, zona franca Winner;NA;NA;BOL;271
Brasil;Brasil (el);la República Federativa del Brasil;BRA;203
Brasil, zona franca Manaos;NA;NA;BRA;291
Canadá;Canadá (el);el Canadá;CAN;204
Chile;Chile;la República de Chile;CHL;208
Chile, zona franca Iquique;NA;NA;CHL;260
Chile, zona franca Punta Arenas;NA;NA;CHL;261
Colombia;Colombia;la República de Colombia;COL;205
Colombia, zona franca del Pacífico;NA;NA;COL;272
Costa Rica;Costa Rica;la República de Costa Rica;CRI;206
Cuba;Cuba;la República de Cuba;CUB;207
Dinamarca, territorios vinculados en América;NA;NA;GRL;228
Dominica;Dominica;el Commonwealth de Dominica;DMA;233
Ecuador;Ecuador (el);la República del Ecuador;ECU;210
El Salvador;El Salvador;la República de El Salvador;SLV;211
Estados Unidos;Estados Unidos de América (los);los Estados Unidos de América;USA;212
Estados Unidos, territorios vinculados en América;NA;NA;VIR;231
Francia, territorios vinculados en América;NA;NA;GUF;229
Granada;Granada;Granada;GRD;240
Guatemala;Guatemala;República de Guatemala (la);GTM;213
Guyana;Guyana;la República de Guyana;GUY;214
Haití;Haití;la República de Haití;HTI;215
Honduras;Honduras;la República de Honduras;HND;216
Indeterminado (América);NA;NA;NA;298
Jamaica;Jamaica;Jamaica;JAM;217
México;México;los Estados Unidos Mexicanos;MEX;218
Nicaragua;Nicaragua;la República de Nicaragua;NIC;219
Países Bajos, territorios vinculados en América;NA;NA;BES;230
Panamá;Panamá;la República de Panamá;PAN;220
Panamá, zona franca Colón;NA;NA;PAN;270
Paraguay;Paraguay (el);la República del Paraguay;PRY;221
Perú;Perú (el);la República del Perú;PER;222
Puerto Rico;NA;NA;PRI;223
Reino Unido, territorios vinculados en América;NA;NA;GBR;227
República Dominicana;Dominicana (la);la República Dominicana;DOM;209
San Cristóbal y Nevis;Saint Kitts y Nevis;Saint Kitts y Nevis;KNA;238
San Vicente y Las Granadinas;San Vicente y las Granadinas;San Vicente y las Granadinas;VCT;235
Santa Lucía;Santa Lucía;Santa Lucía;LCA;234
Suriname;Suriname;la República de Suriname;SUR;232
Trinidad y Tobago;Trinidad y Tabago;la República de Trinidad y Tabago;TTO;224
Uruguay;Uruguay (el);la República Oriental del Uruguay;URY;225
Uruguay, zona franca Colonia;NA;NA;URY;280
Uruguay, zona franca Florida;NA;NA;URY;281
Uruguay, zona franca Libertad;NA;NA;URY;282
Uruguay, zona franca Nueva Helvecia;NA;NA;URY;284
Uruguay, zona franca Nueva Palmira;NA;NA;URY;285
Uruguay, zona franca Punta Pereira;NA;NA;URY;289
Uruguay, zona franca Río Negro;NA;NA;URY;286
Uruguay, zona franca Rivera;NA;NA;URY;287
Uruguay, zona franca San José;NA;NA;URY;288
Uruguay, zona franca Zonamérica;NA;NA;URY;283
Venezuela;Venezuela (República Bolivariana de);la República Bolivariana de Venezuela;VEN;226
Antillas Holandesas;NA;NA;ANT;241
Zona Franca Área Aduanera Especial Tierra del Fuego (Argentina);NA;NA;NA;250
Zona Franca La Plata (Bs.As. - Argentina);NA;NA;NA;251
Zona Franca Justo Daract (San Luis - Argentina);NA;NA;NA;252
Zona Franca Río Gallegos (Santa Cruz - Argentina);NA;NA;NA;253
Islas Malvinas;NA;NA;NA;254
Zona Franca Tucumán (Argentina);NA;NA;NA;255
Zona Franca Córdoba (Argentina);NA;NA;NA;256
Zona Franca Mendoza (Argentina);NA;NA;NA;257
Zona Franca Gral.Pico (La Pampa - Argentina);NA;NA;NA;258
Zona Franca Comodoro Rivadavia (Chubut - Argentina);NA;NA;NA;259
Zona Franca Salta (Argentina);NA;NA;NA;262
Zona Franca Paso de los Libres (Corrientes - Argentina);NA;NA;NA;263
Zona Franca Puerto Iguazú (Misiones - Argentina);NA;NA;NA;264
Mar Territorial Argentino y/o Zona Económica Exclusiva;NA;NA;NA;295
Ríos Nacionales Argentinos de Navegación Internacional;NA;NA;NA;296
Resto (América);NA;NA;NA;297
Sin declarar (América);NA;NA;NA;299
Afganistán;Afganistán (el);República Islámica del Afganistán (la);AFG;301
Arabia Saudita;Arabia Saudita (la);el Reino de la Arabia Saudita;SAU;302
Armenia;Armenia;la República de Armenia;ARM;349
Azerbaiyán;Azerbaiyán;la República de Azerbaiyán;AZE;350
Bahrein;Bahrein;el Reino de Bahrein;BHR;303
Bangladesh;Bangladesh;la República Popular de Bangladesh;BGD;345
Bhután;Bhután;el Reino de Bhután;BTN;305
Brunei;Brunei Darussalam;Brunei Darussalam;BRN;346
Camboya;Camboya;el Reino de Camboya;KHM;306
China;China;la República Popular China;CHN;310
Corea;República de Corea (la);la República de Corea;KOR;309
Corea Democrática y Popular;República Popular Democrática de Corea (la);la República Popular Democrática de Corea;PRK;308
Emiratos Árabes Unidos;Emiratos Árabes Unidos (los);los Emiratos Árabes Unidos;ARE;331
Filipinas;Filipinas;la República de Filipinas;PHL;312
Georgia;Georgia;Georgia;GEO;351
Hong Kong (región administrativa especial de China);NA;NA;HKG;341
Indeterminado (Asia);NA;NA;NA;398
India;India (la);la República de la India;IND;315
Indonesia;Indonesia;la República de Indonesia;IDN;316
Irán;Irán (República Islámica del);la República Islámica del Irán;IRN;318
Iraq;Iraq (el);la República del Iraq;IRQ;317
Israel;Israel;el Estado de Israel;ISR;319
Japón;Japón (el);el Japón;JPN;320
Jordania;Jordania;el Reino Hachemita de Jordania;JOR;321
Kazajstán;Kazajstán;la República de Kazajstán;KAZ;352
Kirguistán;Kirguistán;la República Kirguisa;KGZ;353
Kuwait;Kuwait;el Estado de Kuwait;KWT;323
Laos;República Democrática Popular Lao (la);la República Democrática Popular Lao;LAO;324
Líbano;Líbano (el);la República Libanesa;LBN;325
Macao (región administrativa especial de China);NA;NA;MAC;344
Malasia;Malasia;Malasia;MYS;326
Maldivas;Maldivas;la República de Maldivas;MDV;327
Mongolia;Mongolia;Mongolia;MNG;329
Myanmar;Myanmar;la Unión de Myanmar;MMR;304
Nepal;Nepal;la República Democrática Federal de Nepal;NPL;330
Omán;Omán;la Sultanía de Omán;OMN;328
Pakistán;Pakistán (el);la República Islámica del Pakistán;PAK;332
Palestina;Palestina;el Estado de Palestina;PSE;357
Qatar;Qatar;el Estado de Qatar;QAT;322
Singapur;Singapur;la República de Singapur;SGP;333
Siria;República Árabe Siria (la);la República Árabe Siria;SYR;334
Sri Lanka;Sri Lanka;la República Socialista Democrática de Sri Lanka;LKA;307
Tailandia;Tailandia;el Reino de Tailandia;THA;335
Taiwan;NA;NA;TWN;313
Tayikistán;Tayikistán;la República de Tayikistán;TJK;354
Timor Leste;Timor-Leste;la República Democrática de Timor-Leste;TLS;358
Turkmenistán;Turkmenistán;Turkmenistán;TKM;355
Uzbekistán;Uzbekistán;la República de Uzbekistán;UZB;356
Viet Nam;Viet Nam;la República Socialista de Viet Nam;VNM;337
Yemen;Yemen (el);la República del Yemen;YEM;348
Resto ( Asia );NA;NA;NA;397
Sin declarar (Asia);NA;NA;NA;399
Albania;Albania;la República de Albania;ALB;401
Alemania;Alemania;la República Federal de Alemania;DEU;438
Andorra;Andorra;el Principado de Andorra;AND;404
Austria;Austria;la República de Austria;AUT;405
Belarús;Belarús;la República de Belarús;BLR;439
Bélgica;Bélgica;el Reino de Bélgica;BEL;406
Bosnia y Herzegovina;Bosnia y Herzegovina;Bosnia y Herzegovina;BIH;446
Bulgaria;Bulgaria;la República de Bulgaria;BGR;407
Chipre;Chipre;la República de Chipre;CYP;435
Croacia;Croacia;la República de Croacia;HRV;447
Dinamarca;Dinamarca;el Reino de Dinamarca;DNK;409
Eslovaquia;Eslovaquia;la República Eslovaca;SVK;448
Eslovenia;Eslovenia;la República de Eslovenia;SVN;449
España;España;el Reino de España;ESP;410
Estonia;Estonia;la República de Estonia;EST;440
Finlandia;Finlandia;la República de Finlandia;FIN;411
Francia;Francia;la República Francesa;FRA;412
Grecia;Grecia;la República Helénica;GRC;413
Hungría;Hungría;la República de Hungría;HUN;414
Indeterminado (Europa);NA;NA;NA;498
Irlanda;Irlanda;Irlanda;IRL;415
Islandia;Islandia;la República de Islandia;ISL;416
Italia;Italia;la República Italiana;ITA;417
Letonia;Letonia;la República de Letonia;LVA;441
Liechtenstein;Liechtenstein;el Principado de Liechtenstein;LIE;418
Lituania;Lituania;la República de Lituania;LTU;442
Luxemburgo;Luxemburgo;el Gran Ducado de Luxemburgo;LUX;419
Macedonia;ex República Yugoslava de Macedonia (la);ex República Yugoslava de Macedonia (la);MKD;450
Malta;Malta;la República de Malta;MLT;420
Moldova;República de Moldova (la);la República de Moldova;MDA;443
Mónaco;Mónaco;el Principado de Mónaco;MCO;421
Montenegro;Montenegro;Montenegro;MNE;453
Noruega;Noruega;el Reino de Noruega;NOR;422
Países Bajos;Países Bajos (los);el Reino de los Países Bajos;NLD;423
Polonia;Polonia;la República de Polonia;POL;424
Portugal;Portugal;la República Portuguesa;PRT;425
Reino Unido de Gran Bretaña e Irlanda del Norte;Reino Unido de Gran Bretaña e Irlanda del Norte (el);el Reino Unido de Gran Bretaña e Irlanda del Norte;GBR;426
Reino Unido, territorios vinculados en Europa;NA;NA;GIB;433
República Checa;República Checa (la);la República Checa;CZE;451
Rumania;Rumania;Rumania;ROU;427
Rusia;Federación de Rusia (la);la Federación de Rusia;RUS;444
San Marino;San Marino;la República de San Marino;SMR;428
Serbia;Serbia;la República de Serbia;SRB;454
Serbia y Montenegro;NA;NA;NA;452
Suecia;Suecia;el Reino de Suecia;SWE;429
Suiza;Suiza;la Confederación Suiza;CHE;430
Turquía;Turquía;la República de Turquía;TUR;436
Ucrania;Ucrania;Ucrania;UKR;445
Vaticano;Vaticano (Santa Sede);Vaticano (Santa Sede);VAT;431
Resto (Europa);NA;NA;NA;497
Sin declarar (Europa);NA;NA;NA;499
Australia;Australia;Australia;AUS;501
Australia, territorios vinculados en Oceanía;NA;NA;AUS;507
Estados Unidos, territorios vinculados en Oceanía;NA;NA;USA;511
Fiji;Fiji;la República de las Islas Fiji;FJI;512
Francia, territorios vinculados en Oceanía;NA;NA;PYF;509
Indeterminado (Oceanía);NA;NA;NA;598
Islas Marianas;NA;NA;MNP;521
Islas Marshall;Islas Marshall (las);la República de las Islas Marshall;MHL;520
Islas Salomón;Islas Salomón (las);las Islas Salomón;SLB;518
Kiribati;Kiribati;la República de Kiribati;KIR;514
Micronesia;Micronesia (Estados Federados de);los Estados Federados de Micronesia;FSM;515
Nauru;Nauru;la República de Nauru;NRU;503
Nueva Zelandia;Nueva Zelandia;Nueva Zelandia;NZL;504
Nueva Zelandia, territorios vinculados en Oceanía;NA;NA;NZL;510
Palau;Palau;la República de Palau;PLW;516
Papua Nueva Guinea;Papua Nueva Guinea;Papua Nueva Guinea;PNG;513
Reino Unido, territorios vinculados en Oceanía;NA;NA;GBR;508
Samoa;Samoa;el Estado Independiente de Samoa;WSM;506
Tonga;Tonga;el Reino de Tonga;TON;519
Tuvalu;Tuvalu;Tuvalu;TUV;517
Vanuatu;Vanuatu;la República de Vanuatu;VUT;505
Resto  (Oceanía);NA;NA;NA;597
Sin declarar (Oceanía);NA;NA;NA;599
